,Calories,Protein,Carbs,Fat,Sugar,Sodium,Serving,,,,
Apple pie,296,2.4,43,14,20,251,"1 piece (1/8 of 9"" dia)Ê(125g)",,,,
Baby back ribs,110,8,2.2,7.5,1.8,88,medium ribÊ(40g),,,,
Baklava,310,5.5,29,20,16,213,1 piece,,,,
Beef carpaccio,181,13,2,13,0.7,266,2 oz portionÊ(78g),,,,
Beef tartare,552,33,5.7,44,1.8,403,1 cup (224g),,,,
Beet salad,"598
",11,24,52,18,577,"
1
salad (about 2 cups) (259g)",,,,"Beet Salad
Serving Size:
1
salad (about 2 cups) (259ggrams)
Amount Per Serving
Calories 598
Calories from Fat 466
% Daily Value*
Total Fat 52ggrams80%Daily Value
Saturated Fat 10ggrams50%Daily Value
Trans Fat 0ggrams
Polyunsaturated Fat 6.1ggrams
Monounsaturated Fat 33ggrams
Cholesterol 18mgmilligrams6%Daily Value
Sodium 577mgmilligrams24%Daily Value
Potassium 623mgmilligrams18%Daily Value
Total Carbohydrates 24ggrams8%Daily Value
Dietary Fiber 4.6ggrams18%Daily Value
Sugars 18ggrams
Protein 11ggrams
9.4%Vitamin A"
Beignets,"262
",6,40,8.5,7.7,135,"
1
piece (90g)",,,,"Beignets
Serving Size:
1
piece (90ggrams)
Amount Per Serving
Calories 262
Calories from Fat 76
% Daily Value*
Total Fat 8.5ggrams13%Daily Value
Saturated Fat 2.1ggrams11%Daily Value
Trans Fat 0.1ggrams
Polyunsaturated Fat 3.3ggrams
Monounsaturated Fat 2.6ggrams
Cholesterol 23mgmilligrams8%Daily Value
Sodium 135mgmilligrams6%Daily Value
Potassium 93mgmilligrams3%Daily Value
Total Carbohydrates 40ggrams13%Daily Value
Dietary Fiber 1.3ggrams5%Daily Value
Sugars 7.7ggrams
Protein 6ggrams
1.1%Vitamin A
0.4%Vitamin C"
Bibimbap,1000,19,107,57,18,2670,"
1
Serving (645g)",,,,"Serving Size:
1
Serving (645ggrams)
Amount Per Serving
Calories 1000
Calories from Fat 513
% Daily Value*
Total Fat 57ggrams88%Daily Value
Saturated Fat 6ggrams30%Daily Value
Trans Fat 0ggrams
Cholesterol 180mgmilligrams60%Daily Value
Sodium 2670mgmilligrams111%Daily Value
Total Carbohydrates 107ggrams36%Daily Value
Dietary Fiber 8ggrams32%Daily Value
Sugars 18ggrams
Protein 19ggrams
110%Vitamin A
20%Vitamin C
15%Calcium
4.5%Iron
* Percent Daily Values are based on a 2000 calorie diet."
Bread pudding,"377
",7.7,72,7.3,55,190,"
1
cup (200g)",,,,"Bread Pudding
Serving Size:
1
cup (200ggrams)
Amount Per Serving
Calories 377
Calories from Fat 66
% Daily Value*
Total Fat 7.3ggrams11%Daily Value
Saturated Fat 4ggrams20%Daily Value
Trans Fat 0.2ggrams
Polyunsaturated Fat 0.6ggrams
Monounsaturated Fat 2.1ggrams
Cholesterol 74mgmilligrams25%Daily Value
Sodium 190mgmilligrams8%Daily Value
Potassium 379mgmilligrams11%Daily Value
Total Carbohydrates 72ggrams24%Daily Value
Dietary Fiber 1.2ggrams5%Daily Value
Sugars 55ggrams
Protein 7.7ggrams
7.9%Vitamin A
2.6%Vitamin C"
Breakfast burrito,657,29,72,28,1.4,1522,"
1
large burrito (388g)",,,,"Breakfast Burrito
Serving Size:
1
large burrito (388ggrams)
Amount Per Serving
Calories 657
Calories from Fat 253
% Daily Value*
Total Fat 28ggrams43%Daily Value
Saturated Fat 12ggrams60%Daily Value
Trans Fat 0.1ggrams
Polyunsaturated Fat 3.4ggrams
Monounsaturated Fat 11ggrams
Cholesterol 230mgmilligrams77%Daily Value
Sodium 1522mgmilligrams63%Daily Value
Potassium 836mgmilligrams24%Daily Value
Total Carbohydrates 72ggrams24%Daily Value
Dietary Fiber 2.7ggrams11%Daily Value
Sugars 1.4ggrams
Protein 29ggrams
30%Vitamin A
55%Vitamin C"
Bruschetta,72,1.3,6.2,4.9,1,103,"
1
piece (35g)",,,,"Bruschetta
Serving Size:
1
piece (35ggrams)
Amount Per Serving
Calories 72
Calories from Fat 44
% Daily Value*
Total Fat 4.9ggrams8%Daily Value
Saturated Fat 2.1ggrams11%Daily Value
Trans Fat 0.1ggrams
Polyunsaturated Fat 0.4ggrams
Monounsaturated Fat 2ggrams
Cholesterol 7.6mgmilligrams3%Daily Value
Sodium 103mgmilligrams4%Daily Value
Potassium 60mgmilligrams2%Daily Value
Total Carbohydrates 6.2ggrams2%Daily Value
Dietary Fiber 0.5ggrams2%Daily Value
Sugars 1ggrams
Protein 1.3ggrams
5.1%Vitamin A
4.6%Vitamin C"
Caesar salad,"481
",10,23,40,4.9,1152,"
1
salad (about 3 cups) (305g)",,,,"Caesar Salad
Serving Size:
1
salad (about 3 cups) (305ggrams)
Amount Per Serving
Calories 481
Calories from Fat 357
% Daily Value*
Total Fat 40ggrams62%Daily Value
Saturated Fat 8.2ggrams41%Daily Value
Trans Fat 0.1ggrams
Polyunsaturated Fat 19ggrams
Monounsaturated Fat 10ggrams
Cholesterol 36mgmilligrams12%Daily Value
Sodium 1152mgmilligrams48%Daily Value
Potassium 613mgmilligrams18%Daily Value
Total Carbohydrates 23ggrams8%Daily Value
Dietary Fiber 5.8ggrams23%Daily Value
Sugars 4.9ggrams
Protein 10ggrams
381%Vitamin A
15%Vitamin C
19%Calcium"
Cannoli,233,6,18,15,6.3,37,"
1
cannoli (80g)",,,,"Serving Size:
1
cannoli (80ggrams)
Cannoli
Amount Per Serving
Calories233
% Daily Value*
Total Fat 15ggrams23%Daily Value
Saturated Fat 4.7ggrams24%Daily Value
Trans Fat 0.1ggrams
Polyunsaturated Fat 1.8ggrams
Monounsaturated Fat 7.8ggrams
Cholesterol 32mgmilligrams11%Daily Value
Sodium 37mgmilligrams2%Daily Value
Total Carbohydrates 18ggrams6%Daily Value
Dietary Fiber 0.7ggrams3%Daily Value
Sugars 6.3ggrams
Protein 6ggrams
Vitamin D 0mcgmicrograms1%
Calcium 85mgmilligrams7%
Iron 0mg"
Caprese salad,"220
",13,4.7,17,2.8,439,"
1
cup (161g)",,,,"
Caprese Salad
Serving Size:
1
cup (161ggrams)
Amount Per Serving
Calories 220
Calories from Fat 151
% Daily Value*
Total Fat 17ggrams26%Daily Value
Saturated Fat 7.9ggrams40%Daily Value
Trans Fat 0ggrams
Polyunsaturated Fat 0.9ggrams
Monounsaturated Fat 6.7ggrams
Cholesterol 44mgmilligrams15%Daily Value
Sodium 439mgmilligrams18%Daily Value
Potassium 254mgmilligrams7%Daily Value
Total Carbohydrates 4.7ggrams2%Daily Value
Dietary Fiber 1.1ggrams4%Daily Value
Sugars 2.8ggrams
Protein 13ggrams
24%Vitamin A
20%"
Carrot cake,"577
",6.6,73,30,51,415,"
1
piece (173g)",,,,"
Carrot Cake
Serving Size:
1
piece (173ggrams)
Amount Per Serving
Calories 577
Calories from Fat 267
% Daily Value*
Total Fat 30ggrams46%Daily Value
Saturated Fat 10ggrams50%Daily Value
Trans Fat 0.7ggrams
Polyunsaturated Fat 9.8ggrams
Monounsaturated Fat 7.4ggrams
Cholesterol 87mgmilligrams29%Daily Value
Sodium 415mgmilligrams17%Daily Value
Potassium 205mgmilligrams6%Daily Value
Total Carbohydrates 73ggrams24%Daily Value
Dietary Fiber 1.5ggrams6%Daily Value
Sugars 51ggrams
Protein 6.6ggrams
105%Vitamin A
3%"
Ceviche,82,15,2.6,1.3,1,436,"
0.5
cup (121g)",,,,"
Ceviche
Serving Size:
0.5
cup (121ggrams)
Amount Per Serving
Calories 82
Calories from Fat 12
% Daily Value*
Total Fat 1.3ggrams2%Daily Value
Saturated Fat 0.5ggrams2%Daily Value
Trans Fat 0ggrams
Polyunsaturated Fat 0.3ggrams
Monounsaturated Fat 0.4ggrams
Cholesterol 38mgmilligrams13%Daily Value
Sodium 436mgmilligrams18%Daily Value
Potassium 304mgmilligrams9%Daily Value
Total Carbohydrates 2.6ggrams1%Daily Value
Dietary Fiber 0.5ggrams2%Daily Value
Sugars 1ggrams
Protein 15ggrams
3.5%Vitamin A
12%"
Cheesecake,"401
",6.9,32,28,27,548,"
1
piece (1 NLEA serving) (125g)",,,,"Cheesecake
Serving Size:
1
piece (1 NLEA serving) (125ggrams)
Amount Per Serving
Calories 401
Calories from Fat 253
% Daily Value*
Total Fat 28ggrams43%Daily Value
Saturated Fat 12ggrams60%Daily Value
Polyunsaturated Fat 2ggrams
Monounsaturated Fat 11ggrams
Cholesterol 69mgmilligrams23%Daily Value
Sodium 548mgmilligrams23%Daily Value
Potassium 113mgmilligrams3%Daily Value
Total Carbohydrates 32ggrams11%Daily Value
Dietary Fiber 0.5ggrams2%Daily Value
Sugars 27ggrams
Protein 6.9ggrams
14%Vitamin A
0.8%Vitamin C"
Cheese plate,"662
",45,8.3,50,0.5,1784,"
1
serving (about 6 oz) (170g)",,,,"
Cheese Plate
Serving Size:
1
serving (about 6 oz) (170ggrams)
Amount Per Serving
Calories 662
Calories from Fat 448
% Daily Value*
Total Fat 50ggrams77%Daily Value
Saturated Fat 29ggrams145%Daily Value
Trans Fat 0.5ggrams
Polyunsaturated Fat 2.2ggrams
Monounsaturated Fat 14ggrams
Cholesterol 168mgmilligrams56%Daily Value
Sodium 1784mgmilligrams74%Daily Value
Potassium 234mgmilligrams7%Daily Value
Total Carbohydrates 8.3ggrams3%Daily Value
Dietary Fiber 0ggrams0%Daily Value
Sugars 0.5ggrams
Protein 45ggrams"
Chicken curry,"243
",28,7.5,11,2,73,"
1
cup (235g)",,,,"
Chicken Curry
Serving Size:
1
cup (235ggrams)
Amount Per Serving
Calories 243
Calories from Fat 98
% Daily Value*
Total Fat 11ggrams17%Daily Value
Saturated Fat 1.5ggrams8%Daily Value
Trans Fat 0.2ggrams
Polyunsaturated Fat 5.5ggrams
Monounsaturated Fat 2.9ggrams
Cholesterol 74mgmilligrams25%Daily Value
Sodium 73mgmilligrams3%Daily Value
Potassium 374mgmilligrams11%Daily Value
Total Carbohydrates 7.5ggrams3%Daily Value
Dietary Fiber 1.5ggrams6%Daily Value
Sugars 2ggrams
Protein 28ggrams
11%Vitamin A
8.1%"
Chicken quesadilla,1069,61,92,50,6.3,1815,"
1
quesadilla (494g)",,,,"Serving Size:
1
quesadilla (494ggrams)
Amount Per Serving
Calories 1069
Calories from Fat 452
% Daily Value*
Total Fat 50ggrams77%Daily Value
Saturated Fat 23ggrams115%Daily Value
Trans Fat 0.7ggrams
Polyunsaturated Fat 4ggrams
Monounsaturated Fat 19ggrams
Cholesterol 182mgmilligrams61%Daily Value
Sodium 1815mgmilligrams76%Daily Value
Potassium 881mgmilligrams25%Daily Value
Total Carbohydrates 92ggrams31%Daily Value
Dietary Fiber 7.2ggrams29%Daily Value
Sugars 6.3ggrams
Protein 61ggrams
38%Vitamin A
146%Vitamin C
37%Calcium
39%"
Chicken wings,88,4.5,2.6,6.5,0.1,105,"
1
wingette or drummette (27g)",,,,"
Chicken Wings
Serving Size:
1
wingette or drummette (27ggrams)
Amount Per Serving
Calories 88
Calories from Fat 59
% Daily Value*
Total Fat 6.5ggrams10%Daily Value
Saturated Fat 2.3ggrams12%Daily Value
Trans Fat 0.1ggrams
Polyunsaturated Fat 1.2ggrams
Monounsaturated Fat 2.4ggrams
Cholesterol 22mgmilligrams7%Daily Value
Sodium 105mgmilligrams4%Daily Value
Potassium 46mgmilligrams1%Daily Value
Total Carbohydrates 2.6ggrams1%Daily Value
Dietary Fiber 0.1ggrams0%Daily Value
Sugars 0.1ggrams
Protein 4.5ggrams"
Chocolate cake,"424
",3.8,58,22,44,379,"
1
piece (109g)",,,,"Serving Size:
1
piece (109ggrams)
Chocolate Cake
Amount Per Serving
Calories424
% Daily Value*
Total Fat 22ggrams34%Daily Value
Saturated Fat 6.4ggrams32%Daily Value
Trans Fat 1.4ggrams
Polyunsaturated Fat 5ggrams
Monounsaturated Fat 8ggrams
Cholesterol 24mgmilligrams8%Daily Value
Sodium 379mgmilligrams16%Daily Value
Total Carbohydrates 58ggrams19%Daily Value
Dietary Fiber 2.4ggrams10%Daily Value
Sugars 44ggrams
Protein 3.8ggrams
Vitamin D 0mcgmicrograms0%
Calcium 33mgmilligrams3%
Iron 3mg"
Chocolate mousse,"455
",8.4,32,32,30,77,"
0.5
cup (202g)",,,,"Serving Size:
0.5
cup (202ggrams)
Chocolate Mousse
Amount Per Serving
Calories455
% Daily Value*
Total Fat 32ggrams49%Daily Value
Saturated Fat 18ggrams90%Daily Value
Polyunsaturated Fat 1.8ggrams
Monounsaturated Fat 10ggrams
Cholesterol 283mgmilligrams94%Daily Value
Sodium 77mgmilligrams3%Daily Value
Total Carbohydrates 32ggrams11%Daily Value
Dietary Fiber 1.2ggrams5%Daily Value
Sugars 30ggrams
Protein 8.4ggrams
Calcium 195mgmilligrams15%
Iron 1mgmilligrams6%
Potassium 289mgmilligrams6%"
Churros,"103
",0.5,8.4,7.7,4.8,44,"
1
churro (26g)",,,,"
Churros
Serving Size:
1
churro (26ggrams)
Amount Per Serving
Calories 103
Calories from Fat 69
% Daily Value*
Total Fat 7.7ggrams12%Daily Value
Saturated Fat 0.5ggrams3%Daily Value
Trans Fat 0.1ggrams
Polyunsaturated Fat 1.8ggrams
Monounsaturated Fat 5ggrams
Cholesterol 0mgmilligrams0%Daily Value
Sodium 44mgmilligrams2%Daily Value
Potassium 5.5mgmilligrams0%Daily Value
Total Carbohydrates 8.4ggrams3%Daily Value
Dietary Fiber 0.2ggrams1%Daily Value
Sugars 4.8ggrams
Protein 0.5ggrams
0%Vitamin A
0%"
Clam chowder,"201
",6.6,21,10,0.6,871,"
1
cup (254g)",,,,"
Clam Chowder
Serving Size:
1
cup (254ggrams)
Amount Per Serving
Calories 201
Calories from Fat 90
% Daily Value*
Total Fat 10ggrams15%Daily Value
Sodium 871mgmilligrams36%Daily Value
Potassium 445mgmilligrams13%Daily Value
Total Carbohydrates 21ggrams7%Daily Value
Dietary Fiber 2.5ggrams10%Daily Value
Sugars 0.6ggrams
Protein 6.6ggrams
0.5%Vitamin A
2.9%Calcium
6.8%Iron
* Percent Daily Values are based on a 2000 calorie diet.
Cholesterol FreeLow CholesterolGood Source of Fiber"
Club sandwich,"817
",56,42,46,7.1,1867,"
1
sandwich (349g)",,,,"Club Sandwich
Serving Size:
1
sandwich (349ggrams)
Amount Per Serving
Calories 817
Calories from Fat 415
% Daily Value*
Total Fat 46ggrams71%Daily Value
Saturated Fat 17ggrams85%Daily Value
Trans Fat 0.8ggrams
Polyunsaturated Fat 11ggrams
Monounsaturated Fat 13ggrams
Cholesterol 203mgmilligrams68%Daily Value
Sodium 1867mgmilligrams78%Daily Value
Potassium 710mgmilligrams20%Daily Value
Total Carbohydrates 42ggrams14%Daily Value
Dietary Fiber 3.2ggrams13%Daily Value
Sugars 7.1ggrams
Protein 56ggrams
72%Vitamin A
12%Vitamin C"
Crab cakes,"362
",23,15,23,3,1286,"
1
medium cake (210g)",,,,"Crab Cakes
Serving Size:
1
medium cake (210ggrams)
Amount Per Serving
Calories 362
Calories from Fat 207
% Daily Value*
Total Fat 23ggrams35%Daily Value
Saturated Fat 3.6ggrams18%Daily Value
Trans Fat 0.4ggrams
Polyunsaturated Fat 13ggrams
Monounsaturated Fat 5.6ggrams
Cholesterol 158mgmilligrams53%Daily Value
Sodium 1286mgmilligrams54%Daily Value
Potassium 428mgmilligrams12%Daily Value
Total Carbohydrates 15ggrams5%Daily Value
Dietary Fiber 1.2ggrams5%Daily Value
Sugars 3ggrams
Protein 23ggrams
6.4%Vitamin A
46%Vitamin C"
Creme brulee,"687
",8.3,30,60,30,54,"
1
ramekin (200g)",,,,"
Creme Brulee
Serving Size:
1
ramekin (200ggrams)
Amount Per Serving
Calories 687
Calories from Fat 543
% Daily Value*
Total Fat 60ggrams92%Daily Value
Saturated Fat 37ggrams185%Daily Value
Trans Fat 1.8ggrams
Polyunsaturated Fat 3.4ggrams
Monounsaturated Fat 16ggrams
Cholesterol 444mgmilligrams148%Daily Value
Sodium 54mgmilligrams2%Daily Value
Potassium 179mgmilligrams5%Daily Value
Total Carbohydrates 30ggrams10%Daily Value
Dietary Fiber 0ggrams0%Daily Value
Sugars 30ggrams
Protein 8.3ggrams
51%Vitamin A
1.5%"
Croque madame,"721
",37,57,38,10,1722,"
1
sandwich (363g)",,,,"
Croque Madame
Serving Size:
1
sandwich (363ggrams)
Amount Per Serving
Calories 721
Calories from Fat 343
% Daily Value*
Total Fat 38ggrams58%Daily Value
Saturated Fat 20ggrams100%Daily Value
Trans Fat 0.6ggrams
Polyunsaturated Fat 3.4ggrams
Monounsaturated Fat 12ggrams
Cholesterol 296mgmilligrams99%Daily Value
Sodium 1722mgmilligrams72%Daily Value
Potassium 524mgmilligrams15%Daily Value
Total Carbohydrates 57ggrams19%Daily Value
Dietary Fiber 2.8ggrams11%Daily Value
Sugars 10ggrams
Protein 37ggrams
23%Vitamin A
3.8%"
Cup cakes,"292
",2.6,40,15,30,261,"
1
cupcake (75g)",,,,"Serving Size:
1
cupcake (75ggrams)
Cupcake
Amount Per Serving
Calories292
% Daily Value*
Total Fat 15ggrams23%Daily Value
Saturated Fat 4.4ggrams22%Daily Value
Trans Fat 1ggrams
Polyunsaturated Fat 3.5ggrams
Monounsaturated Fat 5.5ggrams
Cholesterol 17mgmilligrams6%Daily Value
Sodium 261mgmilligrams11%Daily Value
Total Carbohydrates 40ggrams13%Daily Value
Dietary Fiber 1.7ggrams7%Daily Value
Sugars 30ggrams
Protein 2.6ggrams
Vitamin D 0mcgmicrograms0%
Calcium 22mgmilligrams2%
Iron 2mg"
Deviled eggs,"68
",3.2,0.5,5.8,0.1,69,"
1
half large egg (30g)",,,,"Deviled Eggs
Serving Size:
1
half large egg (30ggrams)
Amount Per Serving
Calories 68
Calories from Fat 53
% Daily Value*
Total Fat 5.8ggrams9%Daily Value
Saturated Fat 1.3ggrams7%Daily Value
Trans Fat 0ggrams
Polyunsaturated Fat 2.5ggrams
Monounsaturated Fat 1.7ggrams
Cholesterol 95mgmilligrams32%Daily Value
Sodium 69mgmilligrams3%Daily Value
Potassium 42mgmilligrams1%Daily Value
Total Carbohydrates 0.5ggrams0%Daily Value
Dietary Fiber 0.1ggrams1%Daily Value
Sugars 0.1ggrams
Protein 3.2ggrams
2.8%Vitamin A
0%Vitamin C"
Donuts,"253
",3.7,29,14,14,190,"
1
doughnut, medium (60g)",,,,"Donut
Serving Size:
1
doughnut, medium (60ggrams)
Amount Per Serving
Calories 253
Calories from Fat 123
% Daily Value*
Total Fat 14ggrams22%Daily Value
Saturated Fat 5.7ggrams29%Daily Value
Trans Fat 0.3ggrams
Polyunsaturated Fat 2.2ggrams
Monounsaturated Fat 4.3ggrams
Cholesterol 18mgmilligrams6%Daily Value
Sodium 190mgmilligrams8%Daily Value
Potassium 61mgmilligrams2%Daily Value
Total Carbohydrates 29ggrams10%Daily Value
Dietary Fiber 1.3ggrams5%Daily Value
Sugars 14ggrams
Protein 3.7ggrams
0.3%Vitamin A
1.2%Vitamin C"
Dumplings,"74
",2,12,1.7,0.5,271,"
1
medium dumpling (32g)",,,,"
Dumplings
Serving Size:
1
medium dumpling (32ggrams)
Amount Per Serving
Calories 74
Calories from Fat 15
% Daily Value*
Total Fat 1.7ggrams3%Daily Value
Saturated Fat 0.5ggrams2%Daily Value
Polyunsaturated Fat 0.4ggrams
Monounsaturated Fat 0.7ggrams
Cholesterol 1.1mgmilligrams0%Daily Value
Sodium 271mgmilligrams11%Daily Value
Potassium 39mgmilligrams1%Daily Value
Total Carbohydrates 12ggrams4%Daily Value
Dietary Fiber 0.4ggrams2%Daily Value
Sugars 0.5ggrams
Protein 2ggrams
1.7%Vitamin A
0.2%Vitamin C
6.4%"
Edamame,"94
",9.2,6.9,4,1.7,4.7,"
0.5
cup, shelled (78g)",,,,"Edamame
Serving Size:
0.5
cup, shelled (78ggrams)
Amount Per Serving
Calories 94
Calories from Fat 36
% Daily Value*
Total Fat 4ggrams6%Daily Value
Saturated Fat 0.5ggrams2%Daily Value
Trans Fat 0ggrams
Polyunsaturated Fat 1.7ggrams
Monounsaturated Fat 1ggrams
Cholesterol 0mgmilligrams0%Daily Value
Sodium 4.7mgmilligrams0%Daily Value
Potassium 338mgmilligrams10%Daily Value
Total Carbohydrates 6.9ggrams2%Daily Value
Dietary Fiber 4ggrams16%Daily Value
Sugars 1.7ggrams
Protein 9.2ggrams
4.6%Vitamin A
7.9%Vitamin C"
Eggs benedict,"733
",30,30,55,1.2,1946,"
1
serving (2 eggs) (282g)",,,,"Serving Size:
1
serving (2 eggs) (282ggrams)
Amount Per Serving
Calories 733
Calories from Fat 494
% Daily Value*
Total Fat 55ggrams85%Daily Value
Saturated Fat 29ggrams145%Daily Value
Trans Fat 1.5ggrams
Polyunsaturated Fat 5ggrams
Monounsaturated Fat 17ggrams
Cholesterol 755mgmilligrams252%Daily Value
Sodium 1946mgmilligrams81%Daily Value
Potassium 570mgmilligrams16%Daily Value
Total Carbohydrates 30ggrams10%Daily Value
Dietary Fiber 2.2ggrams9%Daily Value
Sugars 1.2ggrams
Protein 30ggrams
41%Vitamin A
12%Vitamin C
16%Calcium
19%"
Escargots,"77
",14,1.7,1.2,0,60,"
3
oz (85g)",,,,"
Escargots
Serving Size:
3
oz (85ggrams)
Amount Per Serving
Calories 77
Calories from Fat 11
% Daily Value*
Total Fat 1.2ggrams2%Daily Value
Saturated Fat 0.3ggrams2%Daily Value
Polyunsaturated Fat 0.2ggrams
Monounsaturated Fat 0.2ggrams
Cholesterol 43mgmilligrams14%Daily Value
Sodium 60mgmilligrams3%Daily Value
Potassium 325mgmilligrams9%Daily Value
Total Carbohydrates 1.7ggrams1%Daily Value
Dietary Fiber 0ggrams0%Daily Value
Sugars 0ggrams
Protein 14ggrams
1.7%Vitamin A
0%Vitamin C
0.7%"
Falafel,"83
",1.1,3.7,7.3,0.6,30,"
1
patty (approx 1-1/4"" dia) (20g)",,,,"
Falafel
Serving Size:
1
patty (approx 1-1/4"" dia) (20ggrams)
Amount Per Serving
Calories 83
Calories from Fat 66
% Daily Value*
Total Fat 7.3ggrams11%Daily Value
Saturated Fat 0.5ggrams2%Daily Value
Trans Fat 0.1ggrams
Polyunsaturated Fat 1.3ggrams
Monounsaturated Fat 5.1ggrams
Cholesterol 0mgmilligrams0%Daily Value
Sodium 30mgmilligrams1%Daily Value
Potassium 39mgmilligrams1%Daily Value
Total Carbohydrates 3.7ggrams1%Daily Value
Dietary Fiber 0.9ggrams4%Daily Value
Sugars 0.6ggrams
Protein 1.1ggrams"
Filet mignon,"227
",22,0,15,0,46,"
3
oz (85g)",,,,"
Filet Mignon
Serving Size:
3
oz (85ggrams)
Amount Per Serving
Calories 227
Calories from Fat 131
% Daily Value*
Total Fat 15ggrams23%Daily Value
Saturated Fat 5.7ggrams29%Daily Value
Polyunsaturated Fat 0.6ggrams
Monounsaturated Fat 6.1ggrams
Cholesterol 82mgmilligrams27%Daily Value
Sodium 46mgmilligrams2%Daily Value
Potassium 280mgmilligrams8%Daily Value
Total Carbohydrates 0ggrams0%Daily Value
Dietary Fiber 0ggrams0%Daily Value
Sugars 0ggrams
Protein 22ggrams
0%Vitamin A
0%Vitamin C
1.2
Filet Mignon
Serving Size:
3
oz (85ggrams)
Amount Per Serving
Calories 227
Calories from Fat 131
% Daily Value*
Total Fat 15ggrams23%Daily Value
Saturated Fat 5.7ggrams29%Daily Value
Polyunsaturated Fat 0.6ggrams
Monounsaturated Fat 6.1ggrams
Cholesterol 82mgmilligrams27%Daily Value
Sodium 46mgmilligrams2%Daily Value
Potassium 280mgmilligrams8%Daily Value
Total Carbohydrates 0ggrams0%Daily Value
Dietary Fiber 0ggrams0%Daily Value
Sugars 0ggrams
Protein 22ggrams
0%Vitamin A
0%Vitamin C
1.2"
Fish and chips,"688
",43,71,26,2,1403,"
1
serving (513g)",,,,"Fish And Chips
Serving Size:
1
serving (513ggrams)
Amount Per Serving
Calories 688
Calories from Fat 230
% Daily Value*
Total Fat 26ggrams40%Daily Value
Saturated Fat 3ggrams15%Daily Value
Trans Fat 0.6ggrams
Polyunsaturated Fat 15ggrams
Monounsaturated Fat 5.9ggrams
Cholesterol 148mgmilligrams49%Daily Value
Sodium 1403mgmilligrams58%Daily Value
Potassium 1457mgmilligrams42%Daily Value
Total Carbohydrates 71ggrams24%Daily Value
Dietary Fiber 4.8ggrams19%Daily Value
Sugars 2ggrams
Protein 43ggrams
4.3%Vitamin A
47%Vitamin C"
Foie gras,"60
",1.5,0.6,5.7,0,91,"
1
tbsp (13g)",,,,"
Foie Gras
Serving Size:
1
tbsp (13ggrams)
Amount Per Serving
Calories 60
Calories from Fat 51
% Daily Value*
Total Fat 5.7ggrams9%Daily Value
Saturated Fat 1.9ggrams10%Daily Value
Polyunsaturated Fat 0.1ggrams
Monounsaturated Fat 3.3ggrams
Cholesterol 20mgmilligrams7%Daily Value
Sodium 91mgmilligrams4%Daily Value
Potassium 18mgmilligrams1%Daily Value
Total Carbohydrates 0.6ggrams0%Daily Value
Dietary Fiber 0ggrams0%Daily Value
Protein 1.5ggrams
8.7%Vitamin A
0.4%Vitamin C
0.7%Calcium
4%"
French fries,"365
",4,48,17,0.4,246,"
1
serving medium (117g)",,,,"Serving Size:
1
serving medium (117ggrams)
Amount Per Serving
Calories 365
Calories from Fat 155
% Daily Value*
Total Fat 17ggrams26%Daily Value
Saturated Fat 2.7ggrams14%Daily Value
Trans Fat 0.1ggrams
Polyunsaturated Fat 6.3ggrams
Monounsaturated Fat 7ggrams
Cholesterol 0mgmilligrams0%Daily Value
Sodium 246mgmilligrams10%Daily Value
Potassium 677mgmilligrams19%Daily Value
Total Carbohydrates 48ggrams16%Daily Value
Dietary Fiber 4.4ggrams18%Daily Value
Sugars 0.4ggrams
Protein 4ggrams
0%Vitamin A
9.2%Vitamin C
1.6%Calcium"
French onion soup,"478
",21,40,24,6.4,815,"
1
crock (350g)",,,,"
French Onion Soup
Serving Size:
1
crock (350ggrams)
Amount Per Serving
Calories 478
Calories from Fat 215
% Daily Value*
Total Fat 24ggrams37%Daily Value
Saturated Fat 10ggrams50%Daily Value
Trans Fat 0.5ggrams
Polyunsaturated Fat 2ggrams
Monounsaturated Fat 9.4ggrams
Cholesterol 45mgmilligrams15%Daily Value
Sodium 815mgmilligrams34%Daily Value
Potassium 492mgmilligrams14%Daily Value
Total Carbohydrates 40ggrams13%Daily Value
Dietary Fiber 2.3ggrams9%Daily Value
Sugars 6.4ggrams
Protein 21ggrams
10%Vitamin A
7.6%"
French toast,"219
",7.3,23,11,4,237,"
1
slice without syrup (84g)",,,,"
French Toast
Serving Size:
1
slice without syrup (84ggrams)
Amount Per Serving
Calories 219
Calories from Fat 96
% Daily Value*
Total Fat 11ggrams17%Daily Value
Saturated Fat 5.2ggrams26%Daily Value
Trans Fat 0.2ggrams
Polyunsaturated Fat 1.1ggrams
Monounsaturated Fat 3.4ggrams
Cholesterol 129mgmilligrams43%Daily Value
Sodium 237mgmilligrams10%Daily Value
Potassium 97mgmilligrams3%Daily Value
Total Carbohydrates 23ggrams8%Daily Value
Dietary Fiber 1.1ggrams4%Daily Value
Sugars 4ggrams
Protein 7.3ggrams
8.3%Vitamin A
0.2%"
Fried calamari,"356
",18,37,15,0.1,252,"
1
cup (143g)",,,,"
Fried Calamari
Serving Size:
1
cup (143ggrams)
Amount Per Serving
Calories 356
Calories from Fat 131
% Daily Value*
Total Fat 15ggrams23%Daily Value
Saturated Fat 1.3ggrams7%Daily Value
Trans Fat 0.3ggrams
Polyunsaturated Fat 9ggrams
Monounsaturated Fat 3.1ggrams
Cholesterol 192mgmilligrams64%Daily Value
Sodium 252mgmilligrams11%Daily Value
Potassium 262mgmilligrams7%Daily Value
Total Carbohydrates 37ggrams12%Daily Value
Dietary Fiber 1.3ggrams5%Daily Value
Sugars 0.1ggrams
Protein 18ggrams
2.9%Vitamin A
9.5%"
Fried rice,"238
",5.5,45,4.1,0.8,530,"
1
cup (137g)",,,,"Fried Rice
Serving Size:
1
cup (137ggrams)
Amount Per Serving
Calories 238
Calories from Fat 36
% Daily Value*
Total Fat 4.1ggrams6%Daily Value
Saturated Fat 0.7ggrams4%Daily Value
Trans Fat 0ggrams
Polyunsaturated Fat 1.5ggrams
Monounsaturated Fat 0.9ggrams
Cholesterol 25mgmilligrams8%Daily Value
Sodium 530mgmilligrams22%Daily Value
Potassium 104mgmilligrams3%Daily Value
Total Carbohydrates 45ggrams15%Daily Value
Dietary Fiber 1.5ggrams6%Daily Value
Sugars 0.8ggrams
Protein 5.5ggrams
7.6%Vitamin A
8.7%Vitamin C"
Frozen yogurt,"221
",5.2,38,6.3,35,110,"
1
cup (174g)",,,,"Frozen Yogurt
Serving Size:
1
cup (174ggrams)
Amount Per Serving
Calories 221
Calories from Fat 56
% Daily Value*
Total Fat 6.3ggrams10%Daily Value
Saturated Fat 4ggrams20%Daily Value
Polyunsaturated Fat 0.2ggrams
Monounsaturated Fat 1.7ggrams
Cholesterol 23mgmilligrams8%Daily Value
Sodium 110mgmilligrams5%Daily Value
Potassium 271mgmilligrams8%Daily Value
Total Carbohydrates 38ggrams13%Daily Value
Dietary Fiber 0ggrams0%Daily Value
Sugars 35ggrams
Protein 5.2ggrams
6.1%Vitamin A
2%Vitamin C
13%Calcium"
Garlic bread,"151
",3.6,18,7.1,1.6,234,"
1
slice presliced (43g)",,,,"
Garlic Bread
Serving Size:
1
slice presliced (43ggrams)
Amount Per Serving
Calories 151
Calories from Fat 64
% Daily Value*
Total Fat 7.1ggrams11%Daily Value
Saturated Fat 2.3ggrams12%Daily Value
Trans Fat 0.1ggrams
Polyunsaturated Fat 2.3ggrams
Monounsaturated Fat 2ggrams
Cholesterol 0mgmilligrams0%Daily Value
Sodium 234mgmilligrams10%Daily Value
Potassium 44mgmilligrams1%Daily Value
Total Carbohydrates 18ggrams6%Daily Value
Dietary Fiber 1.1ggrams4%Daily Value
Sugars 1.6ggrams
Protein 3.6ggrams
0.4%Vitamin A
0.1%"
Gnocchi,"254
",7.7,52,1.5,0.8,18,"
1
cup (127g)",,,,"Serving Size:
1
cup (127ggrams)
Amount Per Serving
Calories 254
Calories from Fat 14
% Daily Value*
Total Fat 1.5ggrams2%Daily Value
Saturated Fat 0.4ggrams2%Daily Value
Trans Fat 0ggrams
Polyunsaturated Fat 0.4ggrams
Monounsaturated Fat 0.4ggrams
Cholesterol 37mgmilligrams12%Daily Value
Sodium 18mgmilligrams1%Daily Value
Potassium 320mgmilligrams9%Daily Value
Total Carbohydrates 52ggrams17%Daily Value
Dietary Fiber 2.6ggrams10%Daily Value
Sugars 0.8ggrams
Protein 7.7ggrams
1.1%Vitamin A
14%Vitamin C
1.3%Calcium"
Greek salad,"179
",5.1,7.4,15,4.2,370,"
1
cup (159g)",,,,"Greek Salad
Serving Size:
1
cup (159ggrams)
Amount Per Serving
Calories 179
Calories from Fat 134
% Daily Value*
Total Fat 15ggrams23%Daily Value
Saturated Fat 5.5ggrams28%Daily Value
Trans Fat 0ggrams
Polyunsaturated Fat 1.1ggrams
Monounsaturated Fat 7.7ggrams
Cholesterol 25mgmilligrams8%Daily Value
Sodium 370mgmilligrams15%Daily Value
Potassium 238mgmilligrams7%Daily Value
Total Carbohydrates 7.4ggrams2%Daily Value
Dietary Fiber 1.5ggrams6%Daily Value
Sugars 4.2ggrams
Protein 5.1ggrams
14%Vitamin A
35%Vitamin C
13%"
Grilled cheese sandwich,"366
","12
",28,23,5.4,886,"
1
sandwich (106g)",,,,"Grilled Cheese Sandwich
Serving Size:
1
sandwich (106ggrams)
Amount Per Serving
Calories 366
Calories from Fat 206
% Daily Value*
Total Fat 23ggrams35%Daily Value
Saturated Fat 13ggrams65%Daily Value
Trans Fat 0.9ggrams
Polyunsaturated Fat 1.7ggrams
Monounsaturated Fat 5.9ggrams
Cholesterol 63mgmilligrams21%Daily Value
Sodium 886mgmilligrams37%Daily Value
Potassium 185mgmilligrams5%Daily Value
Total Carbohydrates 28ggrams9%Daily Value
Dietary Fiber 1.4ggrams6%Daily Value
Sugars 5.4ggrams
Protein 12g
12%Iron
* Percent Daily Values are based on a 2000 calorie diet.
Contains Trans Fat
 Nutritionix App

Source of Calories

Region:  US
Category
Food / Beverages > Bakery / Deli > Prepared & Preserved Foods > Burritos / Sandwiches / Wraps (Perishable)
How long would it take to burn off 370 KCal?
Walking (3mph)	99 minutes
Running (6mph)	35 minutes
Bicycling (10mph)	51 minutes
Values estimated based on person weighing 140 lbs. Login to personalize.
 Find on Amazon
Nutritionix sub-recipe for 1 sandwich:
Serving	Ingredient	Calories
2 slices	white bread	133
1 tbsp	butter	102
2 slice	american cheese	131"
Grilled salmon,"468
",50,0,28,0,138,"
1
fillet (227g)",,,,"Serving Size:
1
fillet (227ggrams)
Amount Per Serving
Calories 468
Calories from Fat 252
% Daily Value*
Total Fat 28ggrams43%Daily Value
Saturated Fat 5.4ggrams27%Daily Value
Polyunsaturated Fat 10ggrams
Monounsaturated Fat 9.5ggrams
Cholesterol 143mgmilligrams48%Daily Value
Sodium 138mgmilligrams6%Daily Value
Potassium 872mgmilligrams25%Daily Value
Total Carbohydrates 0ggrams0%Daily Value
Dietary Fiber 0ggrams0%Daily Value
Sugars 0ggrams
Protein 50ggrams
10%Vitamin A
14%Vitamin C
2.6%Calcium
4.3%Iron"
Guacamole,"45
",0.6,2.6,4.1,0.2,127,"
2
tbsp (30g)",,,,"Guacamole
Serving Size:
2
tbsp (30ggrams)
Amount Per Serving
Calories 45
Calories from Fat 37
% Daily Value*
Total Fat 4.1ggrams6%Daily Value
Saturated Fat 0.6ggrams3%Daily Value
Trans Fat 0ggrams
Polyunsaturated Fat 0.5ggrams
Monounsaturated Fat 2.6ggrams
Cholesterol 0mgmilligrams0%Daily Value
Sodium 127mgmilligrams5%Daily Value
Potassium 140mgmilligrams4%Daily Value
Total Carbohydrates 2.6ggrams1%Daily Value
Dietary Fiber 1.8ggrams7%Daily Value
Sugars 0.2ggrams
Protein 0.6ggrams
1.1%Vitamin A
5.4%Vitamin C"
Gyoza,"79
",3.5,7.4,3.8,0.4,140,"
1
piece (37g)",,,,"
Gyoza
Serving Size:
1
piece (37ggrams)
Amount Per Serving
Calories 79
Calories from Fat 34
% Daily Value*
Total Fat 3.8ggrams6%Daily Value
Saturated Fat 0.9ggrams4%Daily Value
Trans Fat 0ggrams
Polyunsaturated Fat 1.4ggrams
Monounsaturated Fat 1.3ggrams
Cholesterol 9.2mgmilligrams3%Daily Value
Sodium 140mgmilligrams6%Daily Value
Potassium 70mgmilligrams2%Daily Value
Total Carbohydrates 7.4ggrams2%Daily Value
Dietary Fiber 0.5ggrams2%Daily Value
Sugars 0.4ggrams
Protein 3.5ggrams
0.4%Vitamin A
8.5%"
Hamburger,"540
",34,40,27,0,791,"
1
sandwich (226g)",,,,"Hamburger
Serving Size:
1
sandwich (226ggrams)
Amount Per Serving
Calories 540
Calories from Fat 239
% Daily Value*
Total Fat 27ggrams42%Daily Value
Saturated Fat 11ggrams55%Daily Value
Polyunsaturated Fat 2.8ggrams
Monounsaturated Fat 10ggrams
Cholesterol 122mgmilligrams41%Daily Value
Sodium 791mgmilligrams33%Daily Value
Potassium 570mgmilligrams16%Daily Value
Total Carbohydrates 40ggrams13%Daily Value
Protein 34ggrams
2%Vitamin A
1.9%Vitamin C
7.8%Calcium
33%Iron
* Percent Daily Values are based on a 2000 calorie diet."
Hot and sour soup,"91
",6,10,2.8,1,876,"
1
cup (233g)",,,,"
Hot And Sour Soup
Serving Size:
1
cup (233ggrams)
Amount Per Serving
Calories 91
Calories from Fat 25
% Daily Value*
Total Fat 2.8ggrams4%Daily Value
Saturated Fat 0.5ggrams3%Daily Value
Trans Fat 0ggrams
Polyunsaturated Fat 0.7ggrams
Monounsaturated Fat 0.7ggrams
Cholesterol 49mgmilligrams16%Daily Value
Sodium 876mgmilligrams37%Daily Value
Potassium 128mgmilligrams4%Daily Value
Total Carbohydrates 10ggrams3%Daily Value
Dietary Fiber 1.2ggrams5%Daily Value
Sugars 1ggrams
Protein 6ggrams
1.6%Vitamin A
0%"
Hot dog,"155
",5.6,1.3,14,0.6,409,"
1
frankfurter (48g)",,,,"Hot Dog
Serving Size:
1
frankfurter (48ggrams)
Amount Per Serving
Calories 155
Calories from Fat 127
% Daily Value*
Total Fat 14ggrams22%Daily Value
Saturated Fat 5.6ggrams28%Daily Value
Polyunsaturated Fat 0.4ggrams
Monounsaturated Fat 6.1ggrams
Cholesterol 28mgmilligrams9%Daily Value
Sodium 409mgmilligrams17%Daily Value
Potassium 121mgmilligrams3%Daily Value
Total Carbohydrates 1.3ggrams0%Daily Value
Dietary Fiber 0ggrams0%Daily Value
Sugars 0.6ggrams
Protein 5.6ggrams
0%Vitamin A
0.4%Calcium
3.3%Iron"
Huevos rancheros,"644
",29,39,43,5.2,1561,"
1
serving (450g)",,,,"
Huevos Rancheros
Serving Size:
1
serving (450ggrams)
Amount Per Serving
Calories 644
Calories from Fat 386
% Daily Value*
Total Fat 43ggrams66%Daily Value
Saturated Fat 13ggrams65%Daily Value
Trans Fat 0.4ggrams
Polyunsaturated Fat 8.9ggrams
Monounsaturated Fat 17ggrams
Cholesterol 237mgmilligrams79%Daily Value
Sodium 1561mgmilligrams65%Daily Value
Potassium 1193mgmilligrams34%Daily Value
Total Carbohydrates 39ggrams13%Daily Value
Dietary Fiber 12ggrams48%Daily Value
Sugars 5.2ggrams
Protein 29ggrams
23%Vitamin A
52%"
Hummus,"100
",4.7,8.6,5.8,0,227,"
0.3
cup (60g)",,,,"
Hummus
Serving Size:
0.3
cup (60ggrams)
Amount Per Serving
Calories 100
Calories from Fat 52
% Daily Value*
Total Fat 5.8ggrams9%Daily Value
Saturated Fat 0.9ggrams4%Daily Value
Polyunsaturated Fat 2.2ggrams
Monounsaturated Fat 2.4ggrams
Cholesterol 0mgmilligrams0%Daily Value
Sodium 227mgmilligrams9%Daily Value
Potassium 137mgmilligrams4%Daily Value
Total Carbohydrates 8.6ggrams3%Daily Value
Dietary Fiber 3.6ggrams14%Daily Value
Protein 4.7ggrams
0.4%Vitamin A
0%Vitamin C
1.8%Calcium
8.1%"
Ice cream,"273
",4.6,31,15,28,106,"
1
cup (132g)",,,,"
Ice Cream
Serving Size:
1
cup (132ggrams)
Amount Per Serving
Calories 273
Calories from Fat 131
% Daily Value*
Total Fat 15ggrams23%Daily Value
Saturated Fat 9ggrams45%Daily Value
Polyunsaturated Fat 0.6ggrams
Monounsaturated Fat 3.9ggrams
Cholesterol 58mgmilligrams19%Daily Value
Sodium 106mgmilligrams4%Daily Value
Potassium 263mgmilligrams8%Daily Value
Total Carbohydrates 31ggrams10%Daily Value
Dietary Fiber 0.9ggrams4%Daily Value
Sugars 28ggrams
Protein 4.6ggrams
11%Vitamin A
1.3%Vitamin C
13%"
Lasagna,"602
",44,35,32,11,1576,"
1
serving (about 1.5 cups) (385g)",,,,"
Lasagna
Serving Size:
1
serving (about 1.5 cups) (385ggrams)
Amount Per Serving
Calories 602
Calories from Fat 292
% Daily Value*
Total Fat 32ggrams49%Daily Value
Saturated Fat 15ggrams75%Daily Value
Trans Fat 0.3ggrams
Polyunsaturated Fat 2.6ggrams
Monounsaturated Fat 11ggrams
Cholesterol 166mgmilligrams55%Daily Value
Sodium 1576mgmilligrams66%Daily Value
Potassium 1041mgmilligrams30%Daily Value
Total Carbohydrates 35ggrams12%Daily Value
Dietary Fiber 3.9ggrams16%Daily Value
Sugars 11ggrams
Protein 44ggrams"
Lobster bisque,"232
",14,8,14,4.5,316,"
1
serving (218g)",,,,"Lobster Bisque
Serving Size:
1
serving (218ggrams)
Amount Per Serving
Calories 232
Calories from Fat 129
% Daily Value*
Total Fat 14ggrams22%Daily Value
Saturated Fat 8.3ggrams42%Daily Value
Trans Fat 0.2ggrams
Polyunsaturated Fat 0.9ggrams
Monounsaturated Fat 4.1ggrams
Cholesterol 74mgmilligrams25%Daily Value
Sodium 316mgmilligrams13%Daily Value
Potassium 306mgmilligrams9%Daily Value
Total Carbohydrates 8ggrams3%Daily Value
Dietary Fiber 0.3ggrams1%Daily Value
Sugars 4.5ggrams
Protein 14ggrams
24%Vitamin A
3.9%Vitamin C"
Lobster roll sandwich,"507
",42,33,22,1.1,937,"
1
sandwich (254g)",,,,"
Lobster Roll Sandwich
Serving Size:
1
sandwich (254ggrams)
Amount Per Serving
Calories 507
Calories from Fat 194
% Daily Value*
Total Fat 22ggrams34%Daily Value
Saturated Fat 3.5ggrams18%Daily Value
Trans Fat 0ggrams
Polyunsaturated Fat 12ggrams
Monounsaturated Fat 4.7ggrams
Cholesterol 135mgmilligrams45%Daily Value
Sodium 937mgmilligrams39%Daily Value
Potassium 443mgmilligrams13%Daily Value
Total Carbohydrates 33ggrams11%Daily Value
Dietary Fiber 2ggrams8%Daily Value
Sugars 1.1ggrams
Protein 42ggrams
5.9%Vitamin A
12%"
Macaroni and cheese,"376
",9.7,47,16,8.5,669,"
1
cup (198g)",,,,"Macaroni And Cheese
Serving Size:
1
cup (198ggrams)
Amount Per Serving
Calories 376
Calories from Fat 148
% Daily Value*
Total Fat 16ggrams25%Daily Value
Saturated Fat 3.6ggrams18%Daily Value
Trans Fat 2.5ggrams
Polyunsaturated Fat 3.7ggrams
Monounsaturated Fat 7.3ggrams
Cholesterol 5.9mgmilligrams2%Daily Value
Sodium 669mgmilligrams28%Daily Value
Potassium 255mgmilligrams7%Daily Value
Total Carbohydrates 47ggrams16%Daily Value
Dietary Fiber 2.4ggrams10%Daily Value
Sugars 8.5ggrams
Protein 9.7ggrams
9.6%Calcium
11%Iron"
Macarons,"43
",0.9,6,1.9,5.2,18,"
1
cookie (11g)",,,,"Serving Size:
1
cookie (11ggrams)
Macarons
Amount Per Serving
Calories43
% Daily Value*
Total Fat 1.9ggrams3%Daily Value
Saturated Fat 0.7ggrams4%Daily Value
Trans Fat 0ggrams
Polyunsaturated Fat 0.2ggrams
Monounsaturated Fat 0.8ggrams
Cholesterol 0.7mgmilligrams0%Daily Value
Sodium 18mgmilligrams1%Daily Value
Total Carbohydrates 6ggrams2%Daily Value
Dietary Fiber 0.5ggrams2%Daily Value
Sugars 5.2ggrams
Protein 0.9ggrams
Vitamin D 0mcgmicrograms0%
Calcium 7mgmilligrams1%
Iron 0mg"
Miso soup,"59
",5.8,3.5,3,1.2,1071,"
1
cup (241g)",,,,"Miso Soup
Serving Size:
1
cup (241ggrams)
Amount Per Serving
Calories 59
Calories from Fat 27
% Daily Value*
Total Fat 3ggrams5%Daily Value
Saturated Fat 0.5ggrams3%Daily Value
Trans Fat 0ggrams
Polyunsaturated Fat 1.5ggrams
Monounsaturated Fat 0.7ggrams
Cholesterol 0.1mgmilligrams0%Daily Value
Sodium 1071mgmilligrams45%Daily Value
Potassium 95mgmilligrams3%Daily Value
Total Carbohydrates 3.5ggrams1%Daily Value
Dietary Fiber 1.1ggrams4%Daily Value
Sugars 1.2ggrams
Protein 5.8ggrams
1.3%Vitamin A
1.8%Vitamin C"
Mussels,"146
",20,6.3,3.8,0,314,"
3
oz (85g)",,,,"Serving Size:
3
oz (85ggrams)
Amount Per Serving
Calories 146
Calories from Fat 34
% Daily Value*
Total Fat 3.8ggrams6%Daily Value
Saturated Fat 0.7ggrams4%Daily Value
Polyunsaturated Fat 1ggrams
Monounsaturated Fat 0.9ggrams
Cholesterol 48mgmilligrams16%Daily Value
Sodium 314mgmilligrams13%Daily Value
Potassium 228mgmilligrams7%Daily Value
Total Carbohydrates 6.3ggrams2%Daily Value
Dietary Fiber 0ggrams0%Daily Value
Protein 20ggrams
5.2%Vitamin A
19%Vitamin C
2.2%Calcium
32%Iron"
Nachos,1234,67,26,96,10,1744,"
1
order (550g)",,,,"Serving Size:
1
order (550ggrams)
Amount Per Serving
Calories 1234
Calories from Fat 866
% Daily Value*
Total Fat 96ggrams148%Daily Value
Saturated Fat 39ggrams195%Daily Value
Trans Fat 2.9ggrams
Polyunsaturated Fat 9ggrams
Monounsaturated Fat 36ggrams
Cholesterol 282mgmilligrams94%Daily Value
Sodium 1744mgmilligrams73%Daily Value
Potassium 1257mgmilligrams36%Daily Value
Total Carbohydrates 26ggrams9%Daily Value
Dietary Fiber 4ggrams16%Daily Value
Sugars 10ggrams
Protein 67ggrams
56%Vitamin A
25%Vitamin C
69%Calcium"
Omelette,"323
",21,1.4,25,0.6,533,"
1
3-egg omelet (178g)",,,,"Serving Size:
1
3-egg omelet (178ggrams)
Amount Per Serving
Calories 323
Calories from Fat 228
% Daily Value*
Total Fat 25ggrams38%Daily Value
Saturated Fat 5.9ggrams30%Daily Value
Trans Fat 0.1ggrams
Polyunsaturated Fat 4.8ggrams
Monounsaturated Fat 13ggrams
Cholesterol 625mgmilligrams208%Daily Value
Sodium 533mgmilligrams22%Daily Value
Potassium 236mgmilligrams7%Daily Value
Total Carbohydrates 1.4ggrams0%Daily Value
Dietary Fiber 0.1ggrams0%Daily Value
Sugars 0.6ggrams
Protein 21ggrams
18%Vitamin A
0%Vitamin C
7.3%Calcium"
Onion rings,1004,14,115,54,13,1951,"
1
order (282g)",,,,"Serving Size:
1
order (282ggrams)
Amount Per Serving
Calories 1004
Calories from Fat 489
% Daily Value*
Total Fat 54ggrams83%Daily Value
Saturated Fat 9.6ggrams48%Daily Value
Trans Fat 0.5ggrams
Polyunsaturated Fat 28ggrams
Monounsaturated Fat 12ggrams
Sodium 1951mgmilligrams81%Daily Value
Potassium 400mgmilligrams11%Daily Value
Total Carbohydrates 115ggrams38%Daily Value
Dietary Fiber 7.3ggrams29%Daily Value
Sugars 13ggrams
Protein 14ggrams
1%Vitamin A
4.6%Calcium
11%Iron
* Percent Daily Values are based on a 2000 calorie diet."
Oysters,"41
",4.7,2.5,1.2,0,53,"
1
medium (25g)",,,,"Oysters
Serving Size:
1
medium (25ggrams)
Amount Per Serving
Calories 41
Calories from Fat 10
% Daily Value*
Total Fat 1.2ggrams2%Daily Value
Saturated Fat 0.3ggrams1%Daily Value
Polyunsaturated Fat 0.5ggrams
Monounsaturated Fat 0.2ggrams
Cholesterol 25mgmilligrams8%Daily Value
Sodium 53mgmilligrams2%Daily Value
Potassium 76mgmilligrams2%Daily Value
Total Carbohydrates 2.5ggrams1%Daily Value
Dietary Fiber 0ggrams0%Daily Value
Sugars 0ggrams
Protein 4.7ggrams
2.4%Vitamin A
5.3%Vitamin C
0.3%Calcium"
Pad thai,"838
",64,46,45,18,1301,"
1
serving (about 2.5 cups) (494g)",,,,"Pad Thai
Serving Size:
1
serving (about 2.5 cups) (494ggrams)
Amount Per Serving
Calories 838
Calories from Fat 402
% Daily Value*
Total Fat 45ggrams69%Daily Value
Saturated Fat 11ggrams55%Daily Value
Trans Fat 0.8ggrams
Polyunsaturated Fat 16ggrams
Monounsaturated Fat 14ggrams
Cholesterol 402mgmilligrams134%Daily Value
Sodium 1301mgmilligrams54%Daily Value
Potassium 791mgmilligrams23%Daily Value
Total Carbohydrates 46ggrams15%Daily Value
Dietary Fiber 4.4ggrams18%Daily Value
Sugars 18ggrams
Protein 64ggrams"
Paella,"442
",25,34,22,2.6,812,"
1
cup (241g)",,,,"
Paella
Serving Size:
1
cup (241ggrams)
Amount Per Serving
Calories 442
Calories from Fat 202
% Daily Value*
Total Fat 22ggrams34%Daily Value
Saturated Fat 6.2ggrams31%Daily Value
Trans Fat 0ggrams
Polyunsaturated Fat 3ggrams
Monounsaturated Fat 12ggrams
Cholesterol 113mgmilligrams38%Daily Value
Sodium 812mgmilligrams34%Daily Value
Potassium 401mgmilligrams11%Daily Value
Total Carbohydrates 34ggrams11%Daily Value
Dietary Fiber 1ggrams4%Daily Value
Sugars 2.6ggrams
Protein 25ggrams
19%Vitamin A
44%"
Pancakes,"91
",2.6,11,3.9,0,176,"
1
pancake (5"") (40g)",,,,"Pancakes
Serving Size:
1
pancake (5"") (40ggrams)
Amount Per Serving
Calories 91
Calories from Fat 35
% Daily Value*
Total Fat 3.9ggrams6%Daily Value
Saturated Fat 0.9ggrams4%Daily Value
Polyunsaturated Fat 1.8ggrams
Monounsaturated Fat 1ggrams
Cholesterol 24mgmilligrams8%Daily Value
Sodium 176mgmilligrams7%Daily Value
Potassium 53mgmilligrams2%Daily Value
Total Carbohydrates 11ggrams4%Daily Value
Protein 2.6ggrams
1.6%Vitamin A
0.2%Vitamin C
6.7%Calcium
4%Iron
* Percent Daily Values are based on a 2000 calorie diet."
Panna cotta,"390
",2.8,19,34,18,43,"
0.5
cup (122g)",,,,"
Panna Cotta
Serving Size:
0.5
cup (122ggrams)
Amount Per Serving
Calories 390
Calories from Fat 310
% Daily Value*
Total Fat 34ggrams52%Daily Value
Saturated Fat 21ggrams105%Daily Value
Polyunsaturated Fat 1.3ggrams
Monounsaturated Fat 9.9ggrams
Cholesterol 127mgmilligrams42%Daily Value
Sodium 43mgmilligrams2%Daily Value
Potassium 92mgmilligrams3%Daily Value
Total Carbohydrates 19ggrams6%Daily Value
Dietary Fiber 0ggrams0%Daily Value
Sugars 18ggrams
Protein 2.8ggrams
28%Vitamin A
1.1%Vitamin C
5.9%"
Peking duck,"663
",30,42,41,29,925,"
0.3
duck with sauce (275g)",,,,"
Peking Duck
Serving Size:
0.3
duck with sauce (275ggrams)
Amount Per Serving
Calories 663
Calories from Fat 373
% Daily Value*
Total Fat 41ggrams63%Daily Value
Saturated Fat 14ggrams70%Daily Value
Trans Fat 0ggrams
Polyunsaturated Fat 5.4ggrams
Monounsaturated Fat 19ggrams
Cholesterol 118mgmilligrams39%Daily Value
Sodium 925mgmilligrams39%Daily Value
Potassium 527mgmilligrams15%Daily Value
Total Carbohydrates 42ggrams14%Daily Value
Dietary Fiber 2.6ggrams10%Daily Value
Sugars 29ggrams
Protein 30ggrams
19%Vitamin A
58%"
Pho,"638
",47,78,14,14,3268,"
1
bowl (3 cups) (710g)",,,,"
Pho
Serving Size:
1
bowl (3 cups) (710ggrams)
Amount Per Serving
Calories 638
Calories from Fat 128
% Daily Value*
Total Fat 14ggrams22%Daily Value
Saturated Fat 3.1ggrams16%Daily Value
Trans Fat 0.2ggrams
Polyunsaturated Fat 4.4ggrams
Monounsaturated Fat 4.8ggrams
Cholesterol 86mgmilligrams29%Daily Value
Sodium 3268mgmilligrams136%Daily Value
Potassium 1360mgmilligrams39%Daily Value
Total Carbohydrates 78ggrams26%Daily Value
Dietary Fiber 5.8ggrams23%Daily Value
Sugars 14ggrams
Protein 47ggrams
12%Vitamin A
35%"
Pizza,"285
",12,36,10,3.8,640,"
1
slice (107g)",,,,"
Pizza
Serving Size:
1
slice (107ggrams)
Amount Per Serving
Calories 285
Calories from Fat 93
% Daily Value*
Total Fat 10ggrams15%Daily Value
Saturated Fat 4.8ggrams24%Daily Value
Trans Fat 0.3ggrams
Polyunsaturated Fat 1.8ggrams
Monounsaturated Fat 2.8ggrams
Cholesterol 18mgmilligrams6%Daily Value
Sodium 640mgmilligrams27%Daily Value
Potassium 184mgmilligrams5%Daily Value
Total Carbohydrates 36ggrams12%Daily Value
Dietary Fiber 2.5ggrams10%Daily Value
Sugars 3.8ggrams
Protein 12ggrams
7.7%Vitamin A
2.5%"
Pork chop,"328
",40,0,17,0,86,"
1
chop without refuse (157g)",,,,"Pork Chop
Serving Size:
1
chop without refuse (157ggrams)
Amount Per Serving
Calories 328
Calories from Fat 156
% Daily Value*
Total Fat 17ggrams26%Daily Value
Saturated Fat 5.5ggrams28%Daily Value
Trans Fat 0.2ggrams
Polyunsaturated Fat 2.1ggrams
Monounsaturated Fat 6.6ggrams
Cholesterol 132mgmilligrams44%Daily Value
Sodium 86mgmilligrams4%Daily Value
Potassium 540mgmilligrams15%Daily Value
Total Carbohydrates 0ggrams0%Daily Value
Dietary Fiber 0ggrams0%Daily Value
Sugars 0ggrams
Protein 40ggrams
0.2%Vitamin A"
Poutine,"886
",28,66,57,1.4,1588,"
1
restaurant serving (400g)",,,,"
Poutine
Serving Size:
1
restaurant serving (400ggrams)
Amount Per Serving
Calories 886
Calories from Fat 509
% Daily Value*
Total Fat 57ggrams88%Daily Value
Saturated Fat 23ggrams115%Daily Value
Trans Fat 1ggrams
Polyunsaturated Fat 9.1ggrams
Monounsaturated Fat 19ggrams
Cholesterol 107mgmilligrams36%Daily Value
Sodium 1588mgmilligrams66%Daily Value
Potassium 894mgmilligrams26%Daily Value
Total Carbohydrates 66ggrams22%Daily Value
Dietary Fiber 5.1ggrams20%Daily Value
Sugars 1.4ggrams
Protein 28ggrams
25%Vitamin A
10%"
Prime rib,"290
",19,0,23,0,54,"
3
oz (85g)",,,,"Prime Rib
Serving Size:
3
oz (85ggrams)
Amount Per Serving
Calories 290
Calories from Fat 208
% Daily Value*
Total Fat 23ggrams35%Daily Value
Saturated Fat 9.3ggrams47%Daily Value
Polyunsaturated Fat 0.8ggrams
Monounsaturated Fat 10ggrams
Cholesterol 71mgmilligrams24%Daily Value
Sodium 54mgmilligrams2%Daily Value
Potassium 275mgmilligrams8%Daily Value
Total Carbohydrates 0ggrams0%Daily Value
Dietary Fiber 0ggrams0%Daily Value
Protein 19ggrams
0%Vitamin A
0%Vitamin C
0."
Pulled pork sandwich,"532
",34,81,7.5,54,2077,"
1
sandwich (304g)",,,,"Pulled Pork Sandwich
Serving Size:
1
sandwich (304ggrams)
Amount Per Serving
Calories 532
Calories from Fat 67
% Daily Value*
Total Fat 7.5ggrams12%Daily Value
Saturated Fat 2.2ggrams11%Daily Value
Trans Fat 0ggrams
Polyunsaturated Fat 1.2ggrams
Monounsaturated Fat 2.9ggrams
Cholesterol 100mgmilligrams33%Daily Value
Sodium 2077mgmilligrams87%Daily Value
Potassium 858mgmilligrams25%Daily Value
Total Carbohydrates 81ggrams27%Daily Value
Dietary Fiber 2.9ggrams12%Daily Value
Sugars 54ggrams
Protein 34ggrams
8.5%Vitamin A
4.5%Vitamin C"
Ramen,"954
",48,111,35,6.7,2691,"
1
bowl (3 cups) (707g)",,,,"
Ramen
Serving Size:
1
bowl (3 cups) (707ggrams)
Amount Per Serving
Calories 954
Calories from Fat 315
% Daily Value*
Total Fat 35ggrams54%Daily Value
Saturated Fat 12ggrams60%Daily Value
Trans Fat 0.1ggrams
Polyunsaturated Fat 6.3ggrams
Monounsaturated Fat 13ggrams
Cholesterol 227mgmilligrams76%Daily Value
Sodium 2691mgmilligrams112%Daily Value
Potassium 833mgmilligrams24%Daily Value
Total Carbohydrates 111ggrams37%Daily Value
Dietary Fiber 6ggrams24%Daily Value
Sugars 6.7ggrams
Protein 48ggrams
66%Vitamin A
9%"
Ravioli,"41
",2.1,4.5,1.6,0.1,60,"
1
ravioli (23g)",,,,"Ravioli
Serving Size:
1
ravioli (23ggrams)
Amount Per Serving
Calories 41
Calories from Fat 14
% Daily Value*
Total Fat 1.6ggrams2%Daily Value
Saturated Fat 0.9ggrams5%Daily Value
Trans Fat 0ggrams
Polyunsaturated Fat 0.1ggrams
Monounsaturated Fat 0.4ggrams
Cholesterol 5.4mgmilligrams2%Daily Value
Sodium 60mgmilligrams3%Daily Value
Potassium 15mgmilligrams0%Daily Value
Total Carbohydrates 4.5ggrams2%Daily Value
Dietary Fiber 0.3ggrams1%Daily Value
Sugars 0.1ggrams
Protein 2.1ggrams
0.9%Vitamin A
0%Vitamin C"
Red velvet cake,"368
",4.2,36,23,25,318,"
1
piece (109g)",,,,"
Red Velvet Cake
Serving Size:
1
piece (109ggrams)
Amount Per Serving
Calories 368
Calories from Fat 210
% Daily Value*
Total Fat 23ggrams35%Daily Value
Saturated Fat 14ggrams70%Daily Value
Trans Fat 0.3ggrams
Polyunsaturated Fat 1ggrams
Monounsaturated Fat 6.3ggrams
Cholesterol 93mgmilligrams31%Daily Value
Sodium 318mgmilligrams13%Daily Value
Potassium 92mgmilligrams3%Daily Value
Total Carbohydrates 36ggrams12%Daily Value
Dietary Fiber 0.4ggrams1%Daily Value
Sugars 25ggrams
Protein 4.2ggrams
17%Vitamin A
0.4%"
Risotto,"413
",14,54,13,4.7,1451,"
1
cup (337g)",,,,"Risotto
Serving Size:
1
cup (337ggrams)
Amount Per Serving
Calories 413
Calories from Fat 119
% Daily Value*
Total Fat 13ggrams20%Daily Value
Saturated Fat 7ggrams35%Daily Value
Trans Fat 0.4ggrams
Polyunsaturated Fat 1ggrams
Monounsaturated Fat 3.9ggrams
Cholesterol 36mgmilligrams12%Daily Value
Sodium 1451mgmilligrams60%Daily Value
Potassium 343mgmilligrams10%Daily Value
Total Carbohydrates 54ggrams18%Daily Value
Dietary Fiber 1.5ggrams6%Daily Value
Sugars 4.7ggrams
Protein 14ggrams
20%Vitamin A
6%Vitamin C"
Samosa,"261
",3.5,24,17,1.6,423,"
1
samosa (100g)",,,,"Serving Size:
1
samosa (100ggrams)
Amount Per Serving
Calories 261
Calories from Fat 155
% Daily Value*
Total Fat 17ggrams26%Daily Value
Saturated Fat 7.1ggrams36%Daily Value
Trans Fat 0.6ggrams
Polyunsaturated Fat 4.8ggrams
Monounsaturated Fat 4.2ggrams
Cholesterol 27mgmilligrams9%Daily Value
Sodium 423mgmilligrams18%Daily Value
Potassium 189mgmilligrams5%Daily Value
Total Carbohydrates 24ggrams8%Daily Value
Dietary Fiber 2.1ggrams8%Daily Value
Sugars 1.6ggrams
Protein 3.5ggrams
25%Vitamin A
17%Vitamin C
1.3%Calcium"
Sashimi,"35
",5.3,0.3,1.2,0,43,"
1
piece (28g)",,,,"Sashimi
Serving Size:
1
piece (28ggrams)
Amount Per Serving
Calories 35
Calories from Fat 11
% Daily Value*
Total Fat 1.2ggrams2%Daily Value
Saturated Fat 0.3ggrams2%Daily Value
Trans Fat 0ggrams
Polyunsaturated Fat 0.3ggrams
Monounsaturated Fat 0.5ggrams
Cholesterol 25mgmilligrams8%Daily Value
Sodium 43mgmilligrams2%Daily Value
Potassium 95mgmilligrams3%Daily Value
Total Carbohydrates 0.3ggrams0%Daily Value
Dietary Fiber 0ggrams0%Daily Value
Sugars 0ggrams
Protein 5.3ggrams
0.7%Vitamin A
1%Vitamin C
0.6%Calcium
2.1%Iron"
Scallops,"14
",2.7,0.7,0.1,0,87,"
1
scallop (13g)",,,,"
Scallops
Serving Size:
1
scallop (13ggrams)
Amount Per Serving
Calories 14
Calories from Fat 1
% Daily Value*
Total Fat 0.1ggrams0%Daily Value
Saturated Fat 0ggrams0%Daily Value
Trans Fat 0ggrams
Polyunsaturated Fat 0ggrams
Monounsaturated Fat 0ggrams
Cholesterol 5.3mgmilligrams2%Daily Value
Sodium 87mgmilligrams4%Daily Value
Potassium 41mgmilligrams1%Daily Value
Total Carbohydrates 0.7ggrams0%Daily Value
Dietary Fiber 0ggrams0%Daily Value
Sugars 0ggrams
Protein 2.7ggrams
0%Vitamin A
0%"
Seaweed salad,"106
",2.9,8,7.3,3.2,1144,"
1
cup (93g)",,,,"
Seaweed Salad
Serving Size:
1
cup (93ggrams)
Amount Per Serving
Calories 106
Calories from Fat 65
% Daily Value*
Total Fat 7.3ggrams11%Daily Value
Saturated Fat 1ggrams5%Daily Value
Trans Fat 0ggrams
Polyunsaturated Fat 3.1ggrams
Monounsaturated Fat 2.8ggrams
Cholesterol 0mgmilligrams0%Daily Value
Sodium 1144mgmilligrams48%Daily Value
Potassium 224mgmilligrams6%Daily Value
Total Carbohydrates 8ggrams3%Daily Value
Dietary Fiber 1.7ggrams7%Daily Value
Sugars 3.2ggrams
Protein 2.9ggrams
80%Vitamin A
7.1%"
Shrimp and grits,"716
",46,42,40,1.3,2259,"
2
cups (480g)",,,,"
Shrimp And Grits
Serving Size:
2
cups (480ggrams)
Amount Per Serving
Calories 716
Calories from Fat 358
% Daily Value*
Total Fat 40ggrams62%Daily Value
Saturated Fat 21ggrams105%Daily Value
Trans Fat 1ggrams
Polyunsaturated Fat 3.3ggrams
Monounsaturated Fat 12ggrams
Cholesterol 300mgmilligrams100%Daily Value
Sodium 2259mgmilligrams94%Daily Value
Potassium 456mgmilligrams13%Daily Value
Total Carbohydrates 42ggrams14%Daily Value
Dietary Fiber 2.7ggrams11%Daily Value
Sugars 1.3ggrams
Protein 46ggrams
36%Vitamin A
15%"
Spaghetti bolognese,"667
",35,84,22,14,637,"
1
serving (about 2 cups) (660g)",,,,"
Spaghetti Bolognese
Serving Size:
1
serving (about 2 cups) (660ggrams)
Amount Per Serving
Calories 667
Calories from Fat 195
% Daily Value*
Total Fat 22ggrams34%Daily Value
Saturated Fat 6.5ggrams33%Daily Value
Trans Fat 0.5ggrams
Polyunsaturated Fat 2.3ggrams
Monounsaturated Fat 9.9ggrams
Cholesterol 62mgmilligrams21%Daily Value
Sodium 637mgmilligrams27%Daily Value
Potassium 1135mgmilligrams32%Daily Value
Total Carbohydrates 84ggrams28%Daily Value
Dietary Fiber 11ggrams44%Daily Value
Sugars 14ggrams
Protein 35ggrams"
Spaghetti carbonara,1018,44,133,33,2.5,965,"
1
plate (about 3 cups) (512g)",,,,"
Spaghetti Carbonara
Serving Size:
1
plate (about 3 cups) (512ggrams)
Amount Per Serving
Calories 1018
Calories from Fat 296
% Daily Value*
Total Fat 33ggrams51%Daily Value
Saturated Fat 11ggrams55%Daily Value
Trans Fat 0.4ggrams
Polyunsaturated Fat 4.5ggrams
Monounsaturated Fat 14ggrams
Cholesterol 186mgmilligrams62%Daily Value
Sodium 965mgmilligrams40%Daily Value
Potassium 386mgmilligrams11%Daily Value
Total Carbohydrates 133ggrams44%Daily Value
Dietary Fiber 7.5ggrams30%Daily Value
Sugars 2.5ggrams
Protein 44ggrams"
Spring rolls,"148
",3.7,19,6.2,0.9,270,"
1
roll (64g)",,,,"Spring Rolls
Serving Size:
1
roll (64ggrams)
Amount Per Serving
Calories 148
Calories from Fat 56
% Daily Value*
Total Fat 6.2ggrams10%Daily Value
Saturated Fat 0.6ggrams3%Daily Value
Trans Fat 0.1ggrams
Polyunsaturated Fat 3.2ggrams
Monounsaturated Fat 2.1ggrams
Cholesterol 12mgmilligrams4%Daily Value
Sodium 270mgmilligrams11%Daily Value
Potassium 69mgmilligrams2%Daily Value
Total Carbohydrates 19ggrams6%Daily Value
Dietary Fiber 0.9ggrams3%Daily Value
Sugars 0.9ggrams
Protein 3.7ggrams
12%Vitamin A
11%Vitamin C"
Steak,"614
",58,0,41,0,115,"
1
steak (221g)",,,,"Serving Size:
1
steak (221ggrams)
Amount Per Serving
Calories 614
Calories from Fat 367
% Daily Value*
Total Fat 41ggrams63%Daily Value
Saturated Fat 16ggrams80%Daily Value
Polyunsaturated Fat 1.5ggrams
Monounsaturated Fat 17ggrams
Cholesterol 214mgmilligrams71%Daily Value
Sodium 115mgmilligrams5%Daily Value
Potassium 698mgmilligrams20%Daily Value
Total Carbohydrates 0ggrams0%Daily Value
Dietary Fiber 0ggrams0%Daily Value
Sugars 0ggrams
Protein 58ggrams
0%Vitamin A
0%Vitamin C
2.9%Calcium
21%Iron"
Strawberry shortcake,"485
",6.7,52,29,23,322,"
1
piece (283g)",,,,"
Strawberry Shortcake
Serving Size:
1
piece (283ggrams)
Amount Per Serving
Calories 485
Calories from Fat 259
% Daily Value*
Total Fat 29ggrams45%Daily Value
Saturated Fat 16ggrams80%Daily Value
Trans Fat 0ggrams
Polyunsaturated Fat 2ggrams
Monounsaturated Fat 9.4ggrams
Cholesterol 99mgmilligrams33%Daily Value
Sodium 322mgmilligrams13%Daily Value
Potassium 342mgmilligrams10%Daily Value
Total Carbohydrates 52ggrams17%Daily Value
Dietary Fiber 3.9ggrams16%Daily Value
Sugars 23ggrams
Protein 6.7ggrams
17%Vitamin A
149%"
Sushi,"349
",7.8,38,19,7,537,"
1
roll (8 pieces) (211g)",,,,"
Sushi
Serving Size:
1
roll (8 pieces) (211ggrams)
Amount Per Serving
Calories 349
Calories from Fat 169
% Daily Value*
Total Fat 19ggrams29%Daily Value
Saturated Fat 2.8ggrams14%Daily Value
Trans Fat 0.1ggrams
Polyunsaturated Fat 8.3ggrams
Monounsaturated Fat 6.8ggrams
Cholesterol 17mgmilligrams6%Daily Value
Sodium 537mgmilligrams22%Daily Value
Potassium 293mgmilligrams8%Daily Value
Total Carbohydrates 38ggrams13%Daily Value
Dietary Fiber 3.2ggrams13%Daily Value
Sugars 7ggrams
Protein 7.8ggrams
4.2%Vitamin A
7.3%Vitamin C
4.4%Calcium
7.2%Iron"
Tacos,"210
",9.4,21,9.9,1.6,571,"
1
taco (102g)",,,,"Serving Size:
1
taco (102ggrams)
Amount Per Serving
Calories 210
Calories from Fat 90
% Daily Value*
Total Fat 9.9ggrams15%Daily Value
Saturated Fat 4.2ggrams21%Daily Value
Trans Fat 0.4ggrams
Polyunsaturated Fat 1.6ggrams
Monounsaturated Fat 3.3ggrams
Cholesterol 26mgmilligrams9%Daily Value
Sodium 571mgmilligrams24%Daily Value
Potassium 164mgmilligrams5%Daily Value
Total Carbohydrates 21ggrams7%Daily Value
Dietary Fiber 3ggrams12%Daily Value
Sugars 1.6ggrams
Protein 9.4ggrams
3.2%Vitamin A
0.2%Vitamin C
9.7%Calcium"
Takoyaki,"58
",3,5.8,2.5,0.1,161,"
1
piece (39g)",,,,"Takoyaki
Serving Size:
1
piece (39ggrams)
Amount Per Serving
Calories 58
Calories from Fat 22
% Daily Value*
Total Fat 2.5ggrams4%Daily Value
Saturated Fat 0.3ggrams2%Daily Value
Trans Fat 0ggrams
Polyunsaturated Fat 0.9ggrams
Monounsaturated Fat 1ggrams
Cholesterol 19mgmilligrams6%Daily Value
Sodium 161mgmilligrams7%Daily Value
Potassium 67mgmilligrams2%Daily Value
Total Carbohydrates 5.8ggrams2%Daily Value
Dietary Fiber 0.2ggrams1%Daily Value
Sugars 0.1ggrams
Protein 3ggrams
0.9%Vitamin A
1%Vitamin C
2.4%Calcium
4.9%Iron"
Tiramisu,"572
",8.3,35,44,21,300,"
1
piece (174g)",,,,"Serving Size:
1
piece (174ggrams)
Tiramisu
Amount Per Serving
Calories572
% Daily Value*
Total Fat 44ggrams68%Daily Value
Saturated Fat 25ggrams125%Daily Value
Trans Fat 0.5ggrams
Polyunsaturated Fat 2.3ggrams
Monounsaturated Fat 13ggrams
Cholesterol 307mgmilligrams102%Daily Value
Sodium 300mgmilligrams13%Daily Value
Total Carbohydrates 35ggrams12%Daily Value
Dietary Fiber 0.3ggrams1%Daily Value
Sugars 21ggrams
Protein 8.3ggrams
Vitamin D 2mcgmicrograms8%
Calcium 118mgmilligrams9%
Iron 1mg"
Tuna tartare,"98
",7.7,1.9,6.8,0.2,381,"
0.3
cup (56g)",,,,"
Tuna Tartare
Serving Size:
0.3
cup (56ggrams)
Amount Per Serving
Calories 98
Calories from Fat 61
% Daily Value*
Total Fat 6.8ggrams10%Daily Value
Saturated Fat 1ggrams5%Daily Value
Trans Fat 0ggrams
Polyunsaturated Fat 0.8ggrams
Monounsaturated Fat 4.7ggrams
Cholesterol 12mgmilligrams4%Daily Value
Sodium 381mgmilligrams16%Daily Value
Potassium 211mgmilligrams6%Daily Value
Total Carbohydrates 1.9ggrams1%Daily Value
Dietary Fiber 1ggrams4%Daily Value
Sugars 0.2ggrams
Protein 7.7ggrams
1.3%Vitamin A
6.4%"
Waffles,"218
",5.9,25,11,0,383,"
1
waffle, round (7"" dia) (75g)",,,,"
Waffles
Serving Size:
1
waffle, round (7"" dia) (75ggrams)
Amount Per Serving
Calories 218
Calories from Fat 95
% Daily Value*
Total Fat 11ggrams17%Daily Value
Saturated Fat 2.1ggrams11%Daily Value
Polyunsaturated Fat 5.1ggrams
Monounsaturated Fat 2.6ggrams
Cholesterol 52mgmilligrams17%Daily Value
Sodium 383mgmilligrams16%Daily Value
Potassium 119mgmilligrams3%Daily Value
Total Carbohydrates 25ggrams8%Daily Value
Protein 5.9ggrams
3.4%Vitamin A
0.5%Vitamin C
15%Calcium"
,,,,,,,,,,,